time,trajectory,f=0.0439453125,f=0.048828125,f=0.0537109375,f=0.05859375,f=0.0634765625,f=0.068359375,f=0.0732421875,f=0.078125,f=0.0830078125,f=0.087890625,f=0.0927734375,f=0.09765625,f=0.1025390625,f=0.107421875,f=0.1123046875,f=0.1171875,f=0.1220703125,f=0.126953125,f=0.1318359375,f=0.13671875,f=0.1416015625,f=0.146484375,f=0.1513671875,f=0.15625,f=0.1611328125,f=0.166015625,f=0.1708984375,f=0.17578125,f=0.1806640625,f=0.185546875,f=0.1904296875,f=0.1953125,f=0.2001953125,f=0.205078125,f=0.2099609375,f=0.21484375,f=0.2197265625,f=0.224609375,f=0.2294921875,f=0.234375,f=0.2392578125,f=0.244140625,f=0.2490234375,f=0.25390625,f=0.2587890625,f=0.263671875,f=0.2685546875,f=0.2734375,f=0.2783203125,f=0.283203125,f=0.2880859375,f=0.29296875,f=0.2978515625,f=0.302734375,f=0.3076171875
2025-06-19 00:23:10,2025_IWOOS_id3,9.846848474353173e-05,9.969636331434644e-05,7.890415648707273e-05,5.139366100938951e-05,4.0131355130108086e-05,1.9312771077628947e-05,1.2570956360079317e-05,8.891950677624583e-06,7.312887243963458e-06,6.613769259343023e-06,6.026129294189171e-06,4.768889770725182e-06,4.805401023624822e-06,4.118171006632188e-06,2.235382664518626e-06,3.3992872318975633e-06,6.693517965239908e-06,1.392115754792775e-05,8.055238608378417e-06,3.2385774945546513e-06,3.149905816944559e-06,2.782462984010924e-06,3.2297600057820016e-06,2.6099692269618457e-06,2.278212874162821e-06,2.4935014408788285e-06,2.752084788868931e-06,3.611655043326647e-06,1.2126960659659982e-06,1.008017596907075e-06,1.2792796296694757e-06,2.045290338254518e-06,1.1970231558240474e-06,4.968164606683082e-07,5.059782437191995e-07,5.960087335770413e-07,5.209502065460874e-07,8.096529078565205e-07,6.5370288899359e-07,5.466709919514491e-07,8.345771237546603e-07,7.521332413235463e-07,6.696327776866105e-07,1.2273454433500536e-06,7.360938668683764e-07,6.206646438304251e-07,7.334956743332723e-07,6.241851709840396e-07,4.636582502365403e-07,4.064188357857425e-07,5.560758490721638e-07,7.292985844260843e-07,1.4152694700981404e-06,1.1379974833390722e-06,1.2023262632825687e-06
2025-06-19 02:23:07,2025_IWOOS_id3,0.0001966236282285546,8.659867802097307e-05,7.186393237726939e-05,3.8452315779208504e-05,2.9760940621541726e-05,2.4671753740507615e-05,2.126630717207848e-05,1.5753390610126976e-05,1.135918343462663e-05,6.708778131522749e-06,4.336223914905384e-06,4.848256607444542e-06,4.5253304920860515e-06,3.6004215450408083e-06,2.5536059425314625e-06,1.5133797631262782e-06,3.6010005769555043e-06,4.3497392473685845e-06,4.739901198793308e-06,2.84991798230194e-06,1.461023942355856e-06,2.2554822508377995e-06,5.015327114805305e-06,3.887235217150526e-06,1.2210026132348648e-06,1.0666824880385265e-06,1.712454678674472e-06,1.6827926454737471e-06,1.0942092994299353e-06,1.1115632227788863e-06,1.2075242350404302e-06,1.250997121587584e-06,9.583158981096123e-07,6.505766926723604e-07,7.359764517278376e-07,1.2229692748100571e-06,7.702143057955859e-07,3.4377079999375033e-07,6.293270233297528e-07,7.526159425940492e-07,5.108449040100345e-07,9.98338896585759e-07,9.830476872727449e-07,5.317576805779652e-07,8.971921206481112e-07,1.471045764453793e-06,1.859342779434051e-06,1.7888474721171933e-06,1.4120941994411587e-06,1.6473078185365785e-06,1.7886829047920693e-06,1.6652029278573463e-06,1.8301005286445725e-06,3.1598418917464353e-06,3.879741505560744e-06
2025-06-19 04:23:09,2025_IWOOS_id3,,,,4.568438313385134e-05,5.261131704618053e-05,3.0611535128940064e-05,1.8712323331625505e-05,1.0965728817958388e-05,6.648872229647879e-06,8.712900657286247e-06,6.517089654551153e-06,4.28740059093413e-06,4.535042241324453e-06,5.298923195315728e-06,2.918256194076282e-06,2.362985334509552e-06,2.1742429206291487e-06,3.5741383862894383e-06,5.5934670886282095e-06,8.184334044890224e-06,1.4132668960234437e-05,1.0767651572293126e-05,3.926186766010588e-06,2.9906533139886513e-06,5.371228190183588e-06,4.302211442713335e-06,2.764561750311388e-06,2.353261115025973e-06,2.335568737910375e-06,1.5039437664348816e-06,8.330831201622789e-07,8.932084564446104e-07,2.1386073393638415e-06,1.6481519256665255e-06,2.05427882225842e-06,2.0568188718659733e-06,1.3542337021610624e-06,2.5242916078759835e-06,7.410558508954962e-06,9.273486716421602e-06,7.485369596988259e-06,9.888624052476803e-06,1.0671029504373142e-05,9.399983955941223e-06,1.1417881590593676e-05,1.3837684377224457e-05,2.3357207219840547e-05,2.0932497220332062e-05,1.895402380537788e-05,2.572803889758365e-05,4.919015339602021e-05,7.717321063681435e-05,8.138731853768783e-05,0.00012633876547901978,0.0001347863491934565
2025-06-19 06:23:07,2025_IWOOS_id3,,8.359309503735461e-05,0.00010121423357994764,6.046954212771603e-05,3.458976912208989e-05,5.538901075891507e-05,4.128054075918747e-05,3.014887682788114e-05,1.2283321048318685e-05,6.87719446570358e-06,7.580653892281436e-06,6.886931125236601e-06,1.1331790560906783e-05,1.378719527931979e-05,8.825711706790721e-06,4.122923326889729e-06,2.5290710934937843e-06,5.9866908095924816e-06,1.2941101476723568e-05,1.421816124391793e-05,2.1596421047656486e-05,2.0780999495818237e-05,1.1643602874990664e-05,9.13163096229092e-06,9.323628354468116e-06,1.32784975221408e-05,1.0685331446976991e-05,8.234535478671391e-06,6.568796964252005e-06,7.963331132036026e-06,6.7340006363042996e-06,3.903583805899195e-06,4.5046090460255745e-06,9.610042210596593e-06,1.2481122864545635e-05,2.0163773096005192e-05,1.2490722546214301e-05,6.619283780093041e-06,1.614193502444451e-05,3.843767059964904e-05,4.752902440441918e-05,2.2445505954757335e-05,1.2002495235599921e-05,1.3657138409382849e-05,1.0873470577703732e-05,9.263433481093908e-06,1.761854330583458e-05,2.2069058974255223e-05,1.9405178125968292e-05,4.206131319402873e-05,5.725229239991133e-05,6.014996975962288e-05,9.542409622692981e-05,0.00016714535929204796,0.00011264976895828641
2025-06-19 08:23:16,2025_IWOOS_id3,,,,,,,,,,0.0005810329991650468,0.0007313014609160979,0.00126277717436662,0.002254195080059313,0.002375926320342673,0.0024656876900148966,0.00403304423810094,0.0031814741694774547,0.00693231786516289,0.005702731288101387,0.005153944464465776,0.004279562240428298,0.0032756316360928687,0.0035334408491401095,0.004286321355217254,0.0033784523087165923,0.001999738398705739,0.002151701730193104,0.0035610967800389004,0.0025832572732827006,0.0038192218796343214,0.0036680696035661553,0.003217997020997955,0.0018752112919158427,0.0019270917722463584,0.002098537010243113,0.002013841658509629,0.0019866680307451283,0.001931001271047578,0.002333536654336182,0.0017220869093600526,0.0022562932208179654,0.002510534448153605,0.0032519301312568132,0.005302993758015325,0.006805904837545469,0.010930234968860992,0.014212752191966797,0.012172395011518827,0.015182901738189921,0.02189637481327451,0.018378475088297916,0.013291369532012605,0.014432730849956785,0.014109512269237191,0.015417823161101329
2025-06-19 10:23:12,2025_IWOOS_id3,,,,0.000859597751141255,0.0011701677309748258,0.0021459512371264818,0.0017164447894788579,0.001393908267353568,0.0009870435306743323,0.00044571735244361367,0.0005641957416043337,0.001364697389711856,0.0016039141712256648,0.0018547020666998318,0.0038217314048331137,0.004506172586060798,0.0039413797461301,0.003198458464664524,0.005936609251594658,0.005111133858696519,0.005761717777633536,0.004321369814537317,0.0032280451904634347,0.003452897765929189,0.0026434348164322027,0.0026876928571740264,0.0018663511905335271,0.002056136596094051,0.0016168222604691174,0.0017695230077590465,0.00238463810855446,0.0017824618967665058,0.0011701155258713916,0.0010160509861469726,0.0013822834683276974,0.001143138485340954,0.0016017977965760283,0.0015321759108699424,0.001485329817200511,0.0011941189462875345,0.0011722449163667605,0.00092973212535341,0.000834227982381743,0.0008629987015939341,0.0009301444183106313,0.0010214028452823084,0.002204550237459729,0.0027871085429824723,0.0015123316455649275,0.0016394827752308112,0.0038393058938828183,0.006272484790077738,0.010197199783160513,0.009801146178070033,0.009112467223064896
2025-06-19 12:23:18,2025_IWOOS_id3,,,,,,,0.00048098592885893694,0.0006595015709084859,0.0016800130702085368,0.0012728637560828588,0.0008057718886179961,0.0010672110152968237,0.002419578580591148,0.004194210502041853,0.01094410848790218,0.01057129069946581,0.0033147049090127873,0.0018223429952079367,0.0026362909504764028,0.005564493969614937,0.010806790484063657,0.010193895529754094,0.005086735328929947,0.006303871309603692,0.005225519043038364,0.0037153434383462107,0.002817734165037363,0.002565480096079874,0.0031370231314046056,0.0021856562478763143,0.002724502111383001,0.002350099479540666,0.001976874312962159,0.0026852470566942187,0.002634915043112056,0.0019126827748333288,0.00174654304105722,0.0017096090759929185,0.0009474257211122475,0.0010170612819313794,0.001028465571664602,0.0005811837150940086,0.000699971702587087,0.0010490877609245983,0.0010224642589290634,0.0008740624650870738,0.0017728319709567422,0.0016019213500784216,0.0010619638095473536,0.0010258048499514768,0.0016327238271512242,0.0014429812722178683,0.0008372466984220652,0.000701716687651158,0.0011592630578179264
2025-06-19 14:23:14,2025_IWOOS_id3,0.0005202330139664911,0.00037924986718157195,0.002383101412519952,0.0023959168885409887,0.0007568797461345755,0.0008292635579771984,0.0007940836725184522,0.0006018369474316939,0.001566566542278497,0.003341774568881974,0.001684960007198611,0.0010287152647300139,0.0023771246964707925,0.00499123753722759,0.006361465534179404,0.005271931626885039,0.0063806211254202674,0.007506554061170215,0.005886697026350598,0.005025559285509138,0.004040328736687604,0.0028523335689754777,0.0019206402765158694,0.002440260747789446,0.0035183684568631953,0.002381351423235302,0.002602592341348325,0.0039204886378039,0.0035801025899996715,0.003257698476784793,0.0023511304568035692,0.003734426035903541,0.0028517277922209426,0.0015377451956199747,0.0018604181765777374,0.0014710227723851504,0.001424467356642115,0.0013754771890916507,0.002400000307103465,0.0019516834912083356,0.0011000270484866808,0.0008647503771527336,0.0011167497616292696,0.0007793911091980627,0.0006068589257149885,0.0005918185753019009,0.0004606224191086391,0.0007336653269399274,0.0011829821138409917,0.001359086692000905,0.0009017909446704305,0.0010514234357896517,0.001009929397055169,0.0016682918801252341,0.0011775240384152455
2025-06-19 16:23:13,2025_IWOOS_id3,0.0003276086909150724,0.00031047475638021403,0.00044042905971459383,0.00042614724247937164,0.0007860268601815852,0.0012371543211094457,0.0007359401632716187,0.0010167336922288128,0.0026650365495030684,0.00752362458927878,0.007051858709535942,0.0013434003881836185,0.001347138944358396,0.002565091468152588,0.006312875396398018,0.012209982309011994,0.019820249899980373,0.017530907578411633,0.018082292038888573,0.012039718528234072,0.005213268802807595,0.006356329342872418,0.005246051968439702,0.0033180502751768252,0.0033343319349312004,0.0032955521709252,0.0019849376408927213,0.0011126467041711985,0.0013393027557217299,0.0012001262922056524,0.0024990987958071727,0.0026543352669861327,0.002675068772948422,0.0026438522798720187,0.003071536699850583,0.002531192703718537,0.0016524291162030996,0.0013593655322867674,0.0013549408968505313,0.0017164663846149688,0.0016018722175648867,0.0011323826376087715,0.0014816349279744051,0.0013655191526716745,0.0011940911522626808,0.0013239166027925974,0.0008309558757447846,0.0007480868966272078,0.001019153857157658,0.0012348759531813946,0.000706347904729047,0.000391926467158974,0.0008210862938337028,0.0010327372836421154,0.0009854488828487992
2025-06-19 18:23:14,2025_IWOOS_id3,0.0002567410186441049,0.00021055972791549652,0.0005177344583674527,0.0005280240090473488,0.000634016196937527,0.0008221563720149023,0.001214487714594074,0.0019984153864050116,0.0034639080728905572,0.004986391971478475,0.005021597703834095,0.0031531319255345604,0.0014962569298760096,0.0016376947624053798,0.00292844315538864,0.006838926347949795,0.011852255481359205,0.014135427972128963,0.015196057143635807,0.00909647512603488,0.005063333883402446,0.002819420751816637,0.002191048157289246,0.0025064530599987296,0.0019747059828404707,0.001090979780599264,0.002053926395486574,0.003031499664478391,0.0024741451391609723,0.0017207212209084015,0.0013745209024046126,0.002616698118712346,0.0026014447863728805,0.002175229525497205,0.002443226267456851,0.00233957999708886,0.0014321014019968174,0.0018297126523937114,0.002226987288250764,0.0016265138608019516,0.001509727012894137,0.0026529178135093912,0.002926646574928073,0.0026265480222512757,0.002124895809831512,0.0016818913952842988,0.0027679234665342616,0.0023832686040225733,0.0011959376516638746,0.0020634172191085244,0.002141990862588597,0.0014470782288562847,0.0013547999749914615,0.00115805216991794,0.0017376266359711387
2025-06-19 20:23:13,2025_IWOOS_id3,0.0007408750813211825,0.0006805233971967589,0.0010624151702311652,0.0011720875309964025,0.0008850034426123405,0.0011894076749363242,0.0019011447286766605,0.005651842702199994,0.01380492415210129,0.015030503212303491,0.018336333364863174,0.013118303701319667,0.004658903926622133,0.0018550764886458234,0.003515719273052095,0.004682489686330628,0.01062207582806224,0.016632107967171343,0.018234673606443333,0.011421160665844676,0.0056932876167200795,0.0048092720503834455,0.0036759744236786367,0.002647910557329919,0.0018551277239453152,0.002109732295588835,0.0018988412705979191,0.0015853569122958743,0.0017864927902181593,0.003464638253516534,0.0021830925376880857,0.001537253745453393,0.0018585068849756086,0.0021451203299482006,0.0023980227523209244,0.0022680073848880145,0.00279707014701674,0.002561663536528447,0.0027441867827566594,0.0036483055789030207,0.0039787245066006454,0.002093834388494989,0.0024672281844505552,0.0029806373457092607,0.0022801010824712573,0.0021567696811794434,0.0019195717295736694,0.0014482066520792177,0.0014974055197908083,0.001736198435748322,0.0024978818700497917,0.002112758099872875,0.002466277916599768,0.00414527435144388,0.004011401939681537
2025-06-19 22:23:11,2025_IWOOS_id3,0.000995554185923336,0.0008837183136375832,0.0007872932595221726,0.0010561750175569953,0.0017085053018782547,0.0014402449745103036,0.0013433656812783877,0.0016767646968698837,0.009274294047856582,0.026481009320424027,0.03447446736491219,0.061029394627134616,0.032858922381420255,0.004786086940178541,0.002356090447948614,0.00300060248957256,0.006330558404531744,0.01567335006511444,0.017274347250738033,0.011377560234835956,0.007336494833690762,0.006859134092968039,0.005147296138000855,0.0035942711782335425,0.0016134651985269227,0.002254456213704224,0.00195156394590534,0.0018218275589828696,0.001680687758462241,0.001520401256242466,0.0015181731276824267,0.001986264973281212,0.0015698007400862682,0.0017833897605326057,0.002248956155681694,0.0021754101901458366,0.0017065438483032209,0.001280506325185359,0.0016785761387597123,0.0018915897689716636,0.0013166754348396988,0.0017105712749193576,0.0018567216650287048,0.0012507423317545626,0.0013510857785855258,0.0013421816441757833,0.0008741684463995793,0.001264277543813841,0.0011275608072258594,0.0008536382502251627,0.001677642105116325,0.0019270561723846928,0.0011869885896809383,0.0012400190865916219,0.0015272221219489348
2025-06-20 00:23:28,2025_IWOOS_id3,0.0013927629322878323,0.0011825540421899429,0.0009361981010935523,0.0018793658823208403,0.0012233148944738106,0.0006996102725840695,0.0010670858023801506,0.0022391388877026257,0.0031310173572319166,0.01207658594044431,0.02251217435225575,0.043789774610581846,0.046029864610825054,0.021052984258660153,0.005581906814298076,0.0031430774238814054,0.0019994193725695855,0.006900554642721741,0.013503832904121172,0.00840363114299577,0.00827626149838638,0.009207264903683706,0.005288981754404173,0.0023819044967285374,0.0017686008184299412,0.0015866261517987275,0.0023825703567835854,0.002896575666391813,0.0022837095350296197,0.0014456792067544229,0.0016483964898090122,0.001843226324461011,0.001396141266764967,0.002035088548472326,0.0033338997007239793,0.0032841508141915362,0.002571204227465961,0.0021827133246765415,0.0010724756723349599,0.0009072294516515933,0.001289637275150056,0.0011920144745274628,0.001021067693344686,0.0012393047375956888,0.000964930616489289,0.0006584838001169304,0.0011066081836831928,0.001492684105021167,0.0012342033346968292,0.0006732537332307653,0.0007656070047743977,0.0011176238951273604,0.0012617181109138291,0.0011084736954531662,0.0008634775310044769
2025-06-20 02:23:13,2025_IWOOS_id3,0.0016774189613952357,0.0008504285395324562,0.0007516935868939375,0.0014233638523628964,0.0012085498989312762,0.0014584608806936313,0.00160080666264933,0.0016564132966752267,0.004977304871909433,0.015921183948924663,0.06577465969724819,0.09798687657701168,0.16221326017492496,0.13880705439802823,0.045652487205612484,0.006661463453113641,0.002786684238339954,0.003983616922292495,0.007337531315418555,0.01223739832707,0.015585113453615846,0.015967305345731393,0.009327173503688196,0.004010791067151104,0.002050495244607987,0.0025642703348811384,0.0026042277485665488,0.0016622292655445329,0.0013858514877582758,0.0010335469578922716,0.0010210722173471974,0.0019490290104082534,0.002008081846628146,0.0015983265074797264,0.0015434238382865376,0.0017879416353038327,0.0014529498058339825,0.0012187165460265607,0.0015932225093347055,0.0010263410828975307,0.000984051073187706,0.001406388693470569,0.0012986942025128936,0.0013765180829143084,0.0019378039043134996,0.0022892132858743698,0.0014765448791576989,0.0010202918647095724,0.0007852573147758378,0.0010032452627348866,0.0012584162480509592,0.001285910328884543,0.0009314348385171156,0.001104957782149716,0.0008519835166270259
2025-06-20 04:23:12,2025_IWOOS_id3,0.002222666803877696,0.0010937187675181172,0.002697588958278412,0.004952162415084927,0.0017870595970325093,0.0010913652147072706,0.0014162832874308681,0.001177489246578648,0.001920619795053426,0.010534514539211998,0.03135996854914172,0.10520587158525835,0.11360664716317269,0.05485443393237679,0.030815230292712086,0.011917056521803852,0.0045405370060592155,0.004230969968569527,0.0059511217665552535,0.009692786168663757,0.010822878218914126,0.014935487422006666,0.015087225387016977,0.004595221321539705,0.0022713032957356522,0.002623573915117961,0.0020107945391253544,0.0017151144721979424,0.0019553098654401645,0.0017277473008461683,0.0018298712834399601,0.0016161308784789193,0.0010394518546769013,0.0009708834939210141,0.0014380087814394398,0.0014475223442588906,0.001422654932268651,0.0015381016599915391,0.0011057442593254312,0.0014392679874093443,0.0010958645624527454,0.0010523032835214317,0.0017132352502171766,0.0014742576846799066,0.0017278039750825498,0.001055095015408121,0.0015575297625939307,0.0022878880152066476,0.0020032052978100116,0.0016104271829848556,0.0016980502705748665,0.0021873906506583406,0.0024868182197154264,0.0026728818252477636,0.0017449924720156003
2025-06-20 06:23:09,2025_IWOOS_id3,,,,,,,,0.003325932216381855,0.0038175570424368766,0.014328621454828324,0.037934154710591445,0.143330665878842,0.1926148203550361,0.12115853546519512,0.054898537721914734,0.025256407348697097,0.00853599866074796,0.0044189610636634746,0.0077453153010796725,0.012918658402358767,0.013550483929913528,0.014893721692975922,0.009817210637083677,0.011262243267834355,0.005499215687242388,0.003897988152441137,0.0024580744770498035,0.0025672113439900745,0.004378458317402734,0.002991179285944623,0.001714356322096144,0.0013149215033855066,0.0011056179946464515,0.0018494233772968923,0.0015468238991978767,0.000853892506967718,0.0009368733388185969,0.0012724187167909103,0.0008729441358739747,0.0008272129476040033,0.000693916169948459,0.0005399368862934847,0.0005974280173128414,0.0007600632739407794,0.0006380963905929155,0.0007689527563225433,0.0009264225530424861,0.0009121897522082955,0.0015495668717600225,0.0015188155974321974,0.0014786415895576518,0.0019476148682430437,0.0012986486753609515,0.0011757457255560883,0.002477638028902038
2025-06-20 08:23:10,2025_IWOOS_id3,,,,,0.03542101927275313,0.042697924320106495,0.01629016594985197,0.009777092258003387,0.011749622956838394,0.007490140470977365,0.01363342121991636,0.06240758083614588,0.12050504455963418,0.14108601825164335,0.08314783689069627,0.06479831958943744,0.028358974955063773,0.006886928947012565,0.007049655838246367,0.010126945312982744,0.009576632413456404,0.014993790151606241,0.01576401622864322,0.009196866554206262,0.0036653383347283078,0.001349966334832424,0.0014069110757611732,0.001365289904293673,0.0016058988354192292,0.0018738199102743406,0.0015477938269553202,0.0019407620659823708,0.001350507327058726,0.0010084742856463845,0.0015398588774392903,0.0011330412679144343,0.0007209019517567932,0.0007223023662485017,0.0008253483359325003,0.000760783204092798,0.0007364932102639195,0.0006063894494200413,0.000419485337284996,0.0005529005256111564,0.0005487144153644237,0.000903789840066519,0.0011501836807613882,0.0010710243551297508,0.0009951388373418914,0.0009365687865554808,0.001519056149036522,0.00223933634639222,0.003223734601800414,0.0031050625162614763,0.0041701487329167996
2025-06-20 10:23:10,2025_IWOOS_id3,,,,,,,,,,0.013566677579959548,0.02433276811133209,0.05102627548703908,0.14095528213716407,0.1972544226907112,0.13869139891587876,0.09081785542717556,0.04282188179660059,0.011996743704643499,0.005444539758763968,0.006055907324311812,0.00947706194204388,0.010683079782975403,0.008152264281643496,0.003736243766689807,0.0050613689899771785,0.0031791952050066043,0.0019201498290548175,0.0020950301276934364,0.0014021524573126596,0.0008964248681975812,0.001153238332245866,0.0007743829250043219,0.0007958970079652125,0.0010087743667135812,0.0009240209817199109,0.0008543377623045525,0.0008307503938167714,0.0006878609891357252,0.0006319831669069463,0.0004061111441920874,0.00043985106454816716,0.0004337671894090945,0.00027555080630184897,0.0003552966142874309,0.0005134075809139383,0.0005016444668622153,0.0005483985272087021,0.0007036894196683673,0.00075794231334287,0.0007865373346599479,0.0011357825567229055,0.0013676328031758166,0.0018175937431063236,0.0028400526657429486,0.004135429344962097
2025-06-20 12:23:31,2025_IWOOS_id3,,,,,,,,,0.005246913820392832,0.005279713653416611,0.007297645965948435,0.014852329044883341,0.059087555751899605,0.13525787441553028,0.080461096229427,0.04496925798084289,0.028122681226832653,0.021185935431796685,0.007420503765575929,0.0038511149116262204,0.00421310544790746,0.006865377438187951,0.010267327389464237,0.013061242890031627,0.006787093705144882,0.0036010520880782847,0.003482595571562256,0.0017601947728656414,0.0011511831870969127,0.0011562710452197899,0.0012819488647786163,0.000966734289241958,0.0009910476384079317,0.0010586708390900397,0.0007722266017783675,0.0005035754709008974,0.0002888658108634482,0.000299719368924158,0.00032296406127881684,0.00033948799856890614,0.0003568355014529262,0.00030050999169935384,0.0002349687027877481,0.00023534298397060284,0.00030184911652350317,0.00043253786241710744,0.00039489639307513147,0.000426370604275751,0.00027425454114552057,0.0003477466084671696,0.0008373926747086549,0.0010016271540746909,0.0007799959346607751,0.0005859560363062402,0.0008156552898643942
2025-06-20 14:23:12,2025_IWOOS_id3,,,,,,,,0.015452743327756039,0.022572101196026317,0.02663845331788627,0.01593692307795213,0.031866245693779244,0.06335118501968656,0.1122111868626,0.09759986353870373,0.06351824438803928,0.0452907239388675,0.025263075461615547,0.014273117281525778,0.006476395239255969,0.005699034172297377,0.0063360658094082055,0.0039046160420616732,0.0023988037731160834,0.0037679708090159686,0.003968956337009938,0.0020927315796957758,0.001828838826731482,0.0018767390748738635,0.0015788063216213338,0.0009299116145265039,0.0009113102596183538,0.0009387364356582404,0.0006653860242351854,0.0006058247383931788,0.0007397881377984373,0.0006815955842704011,0.0004365465629030567,0.0006884166992621349,0.0005901079006728349,0.0004912845810703298,0.00048415595308987645,0.0006081853265363693,0.0003944910146539133,0.0006293119158756522,0.000783652140957805,0.0006562898134565614,0.0010659697428248966,0.0019024793389658193,0.001920554797972243,0.0014516470924153702,0.0019061284936138588,0.002482898583355137,0.003146073516635372,0.002886242229042218
2025-06-20 16:23:33,2025_IWOOS_id3,,,,,,,,,,,,0.01570825916072031,0.036373163373281954,0.07845197774000445,0.0758036023020504,0.04375359156146993,0.060712786458043226,0.07744657300486325,0.04539718603094932,0.011794819136155663,0.0037467230744434696,0.0038644663506421507,0.0069415985936560395,0.006302221732368087,0.0031775714886677253,0.0035101191113177813,0.0038261029100334887,0.0023904263668939217,0.001988025194867331,0.0020281550770262866,0.0010242658635279465,0.0006986789339114795,0.0007042619011123526,0.0006033264090934622,0.0008907446802756328,0.001058862296956738,0.0006106545463529933,0.0005592607273279162,0.00040526271390517416,0.00037694209001069444,0.0003051651097623846,0.00020812218307084005,0.00029174911467427805,0.0003043501383373809,0.00018741680395578019,0.00018012621911681962,0.0002881681320708662,0.00041235360930382735,0.0005403023410370332,0.0005150108355871545,0.0005387126254623673,0.0004706646430492696,0.000449871959789426,0.0009548456575792475,0.0014414784962471909
2025-06-20 18:23:13,2025_IWOOS_id3,,,,,,,,,,,0.008289269103169659,0.011940646072496501,0.033864863768259056,0.04961123891111232,0.07227523932097825,0.07224278796936029,0.06635519954793301,0.02271882298489717,0.01530723495603582,0.017435643683475718,0.007942898062868032,0.0055463384237521745,0.004885297731384321,0.005151489222716254,0.005962770472109579,0.0033525791995199063,0.0031805873489780304,0.003207502352316857,0.002415389220484139,0.002433767963430627,0.001199182308760464,0.0006131076881306908,0.0006512652653434611,0.0007423829763923041,0.0006599495824182053,0.0009506168072132956,0.0006961838509075368,0.0010526186089494306,0.0013982351493833233,0.001316406241031542,0.0006037429258082043,0.00033822010846499314,0.0002629499886761859,0.0002456988130088384,0.0002461706592847304,0.00030417501815210884,0.0003892854875150954,0.00047538485243039377,0.00047379340511944127,0.0003925498847438861,0.0003429767335282794,0.00041344615102941346,0.0005483643862528287,0.0012101518078858919,0.0010151642191324332
2025-06-20 20:23:38,2025_IWOOS_id3,,,,,,,,,,0.010783416911266289,0.01572576538665948,0.015642245293831993,0.01703145150170856,0.03445456211002929,0.05116768643796719,0.03568144731287875,0.041299314017315784,0.039308686086717365,0.034355768733624184,0.025220969106157544,0.013346860613995057,0.00595251035387901,0.004772187939863098,0.00372541717120549,0.004540779136078286,0.004104509155182628,0.005230300983272728,0.00426737669548359,0.002318594429076638,0.0013603239692510233,0.0017027655129647945,0.0012357110444664416,0.001332417606787913,0.0009677863782109558,0.0005407038215876342,0.0008541245657757444,0.000729868750385182,0.0005471748483501425,0.00037669792637676897,0.0003093393952294002,0.0002736916037179802,0.00038125084969539485,0.00037804249116734555,0.0004335019681416328,0.0003398637263191516,0.00028654032499563094,0.00036363220625525226,0.0003563971675816669,0.00041926433464676535,0.0003405520569078097,0.0004643398481264358,0.0005811630229715692,0.0003353879285281057,0.00039456474219167647,0.0006643527104069901
2025-06-20 22:23:08,2025_IWOOS_id3,,,0.020518789677414682,0.026864488769177696,0.017707109387890507,0.010223051269730226,0.0026173073583941257,0.004596121255188807,0.007636834266708139,0.007827184382130785,0.006579734952806508,0.004603222475030377,0.014239921315335883,0.03284535066160329,0.04439975157701367,0.05503382413571545,0.04996980185774877,0.05659727135193169,0.03431841194170656,0.015534610012646673,0.014291195012717854,0.010292384341793116,0.004318435962610482,0.001947811294822007,0.003347493493771015,0.0032598277273830595,0.0020769759992425537,0.001151809033472151,0.0007095370502668544,0.0010648178954947888,0.0008945486292160203,0.0006043128370785422,0.000489603814439502,0.0004198065883463335,0.00047613618300484007,0.0004203973878443819,0.00021473700308182999,0.0003022392299554528,0.000445548296781072,0.00048699381566224187,0.0002894116912548096,0.00024638058187261464,0.00027049437237733825,0.0001902539044676473,0.0003511304116564473,0.00028147259772526637,0.00019867623848711561,0.00022608920060494437,0.00011225373486555975,0.00016198759847161544,0.00020999455363244582,9.837008230450895e-05,0.00013909180738974847,0.0001974382200804403,0.00012124241222082486
2025-06-21 00:23:12,2025_IWOOS_id3,,,,,,,0.0021188517302598276,0.003609407913638501,0.006701839986203895,0.005262220930256443,0.0034854284885108386,0.0035486291097751644,0.009035073394599316,0.03302729190534546,0.04368526775363955,0.04868096527758696,0.05814073933455632,0.0384845712647022,0.024074370033430974,0.021876940904382344,0.0163225654793698,0.012435313045588415,0.008604929162419589,0.004028928275831159,0.0014522128882929676,0.0015797642476842982,0.0013837600273334356,0.002028459688920406,0.002287706404328097,0.0017666765651139314,0.0011200528647073464,0.0010925683086057767,0.0007908611762183738,0.000741319777181655,0.0005306254667505543,0.000406912255472477,0.0003127110568244487,0.00024128781277554714,0.00016332816458270613,0.0001832447367939455,0.0001277654751943968,9.727392927127693e-05,0.00011455342156717868,0.00013050752503812322,0.00010260057236256029,0.0001160013562764147,0.00014066825229236743,0.0001476913786857175,0.0001109842518706253,8.342584199414591e-05,9.674125254613838e-05,0.00015782468990407458,0.0001956742530955501,0.00010503620553626181,0.0001234770518345065
